model_name,median_output_tokens_per_second,percentile_05_output_tokens_per_second,percentile_95_output_tokens_per_second,quartile_25_output_tokens_per_second,quartile_75_output_tokens_per_second,median_throughput_tokens_per_second,percentile_05_throughput_tokens_per_second,percentile_95_throughput_tokens_per_second,quartile_25_throughput_tokens_per_second,quartile_75_throughput_tokens_per_second,median_time_to_first_token_seconds,percentile_05_time_to_first_token_seconds,percentile_95_time_to_first_token_seconds,quartile_25_time_to_first_token_seconds,quartile_75_time_to_first_token_seconds,median_time_to_first_chunk_seconds,percentile_05_time_to_first_chunk_seconds,percentile_95_time_to_first_chunk_seconds,quartile_25_time_to_first_chunk_seconds,quartile_75_time_to_first_chunk_seconds,median_estimated_total_seconds_for_100_output_tokens,percentile_05_estimated_total_seconds_for_100_output_tokens,percentile_95_estimated_total_seconds_for_100_output_tokens,quartile_25_estimated_total_seconds_for_100_output_tokens,quartile_75_estimated_total_seconds_for_100_output_tokens,id_name
Llama 3.1 Instruct 70B,2106.15209665113,1819.08565117947,2458.0265831869,1982.70669609067,2250.49015909137,2106.15209665113,1819.08565117947,2458.0265831869,1982.70669609067,2250.49015909137,0.356635570526123,0.236761569976807,0.533363819122314,0.29559463262558,0.405246615409851,0.356635570526123,0.236761569976807,0.533363819122314,0.29559463262558,0.405246615409851,0.403978208360837,0.277784057083817,0.585361520530988,0.34346059299522,0.451770270162494,
Llama 3.1 Instruct 8B,2206.57870499192,2146.28238209899,2225.66404403169,2198.14611014869,2213.20346162467,2206.57870499192,2146.28238209899,2225.66404403169,2198.14611014869,2213.20346162467,0.373817443847656,0.251860320568085,0.545882165431976,0.306300461292267,0.425618767738342,0.373817443847656,0.251860320568085,0.545882165431976,0.306300461292267,0.425618767738342,0.418729783096528,0.296662409352736,0.590979968374941,0.35135341572117,0.47015500876702,
