model_name,median_output_tokens_per_second,percentile_05_output_tokens_per_second,percentile_95_output_tokens_per_second,quartile_25_output_tokens_per_second,quartile_75_output_tokens_per_second,median_throughput_tokens_per_second,percentile_05_throughput_tokens_per_second,percentile_95_throughput_tokens_per_second,quartile_25_throughput_tokens_per_second,quartile_75_throughput_tokens_per_second,median_time_to_first_token_seconds,percentile_05_time_to_first_token_seconds,percentile_95_time_to_first_token_seconds,quartile_25_time_to_first_token_seconds,quartile_75_time_to_first_token_seconds,median_time_to_first_chunk_seconds,percentile_05_time_to_first_chunk_seconds,percentile_95_time_to_first_chunk_seconds,quartile_25_time_to_first_chunk_seconds,quartile_75_time_to_first_chunk_seconds,median_estimated_total_seconds_for_100_output_tokens,percentile_05_estimated_total_seconds_for_100_output_tokens,percentile_95_estimated_total_seconds_for_100_output_tokens,quartile_25_estimated_total_seconds_for_100_output_tokens,quartile_75_estimated_total_seconds_for_100_output_tokens
Solar Pro,47.7681423828322,35.3954264482373,66.9358717315983,43.8879118377128,52.1054310665322,47.7681423828322,35.3954264482373,66.9358717315983,43.8879118377128,52.1054310665322,1.25140798091888,1.11151701211929,1.71250760555267,1.1870111823082,1.38091081380844,1.25140798091888,1.11151701211929,1.71250760555267,1.1870111823082,1.38091081380844,3.3322856862714,2.61796836542183,5.12237859598008,3.11145503988153,3.67102489674631
Solar Mini,84.127108899635,74.4681913930055,91.7251948991458,78.5796880186851,88.798664191693,84.127108899635,74.4681913930055,91.7251948991458,78.5796880186851,88.798664191693,1.11926579475403,1.02231633663177,1.52972036600113,1.06613975763321,1.1998330950737,1.11926579475403,1.02231633663177,1.52972036600113,1.06613975763321,1.1998330950737,2.31577348241626,2.18394382893217,2.73608416096588,2.25613782061547,2.40227270706394
