model_name,median_output_tokens_per_second,percentile_05_output_tokens_per_second,percentile_95_output_tokens_per_second,quartile_25_output_tokens_per_second,quartile_75_output_tokens_per_second,median_throughput_tokens_per_second,percentile_05_throughput_tokens_per_second,percentile_95_throughput_tokens_per_second,quartile_25_throughput_tokens_per_second,quartile_75_throughput_tokens_per_second,median_time_to_first_token_seconds,percentile_05_time_to_first_token_seconds,percentile_95_time_to_first_token_seconds,quartile_25_time_to_first_token_seconds,quartile_75_time_to_first_token_seconds,median_time_to_first_chunk_seconds,percentile_05_time_to_first_chunk_seconds,percentile_95_time_to_first_chunk_seconds,quartile_25_time_to_first_chunk_seconds,quartile_75_time_to_first_chunk_seconds,median_estimated_total_seconds_for_100_output_tokens,percentile_05_estimated_total_seconds_for_100_output_tokens,percentile_95_estimated_total_seconds_for_100_output_tokens,quartile_25_estimated_total_seconds_for_100_output_tokens,quartile_75_estimated_total_seconds_for_100_output_tokens
Llama 3.1 Instruct 70B,113.897653131111,88.8980224361377,114.658972094818,111.287919312067,114.216714385909,113.897653131111,88.8980224361377,114.658972094818,111.287919312067,114.216714385909,0.426800131797791,0.298315691947937,0.490592443943024,0.337671458721161,0.45743203163147,0.426800131797791,0.298315691947937,0.490592443943024,0.337671458721161,0.45743203163147,1.29781022121153,1.18930606740892,1.46379947295586,1.24925540678202,1.33044462808243
Llama 3.1 Instruct 8B,340.520914481561,230.453248107191,346.825391953762,327.305498780436,344.622291102641,340.520914481561,230.453248107191,346.825391953762,327.305498780436,344.622291102641,0.37196683883667,0.257348740100861,0.443795871734619,0.337761044502258,0.406392753124237,0.37196683883667,0.257348740100861,0.443795871734619,0.337761044502258,0.406392753124237,0.676574973748994,0.555138930182626,0.804963233645931,0.633548367262683,0.711336701275749
