model_name,median_output_tokens_per_second,percentile_05_output_tokens_per_second,percentile_95_output_tokens_per_second,quartile_25_output_tokens_per_second,quartile_75_output_tokens_per_second,median_throughput_tokens_per_second,percentile_05_throughput_tokens_per_second,percentile_95_throughput_tokens_per_second,quartile_25_throughput_tokens_per_second,quartile_75_throughput_tokens_per_second,median_time_to_first_token_seconds,percentile_05_time_to_first_token_seconds,percentile_95_time_to_first_token_seconds,quartile_25_time_to_first_token_seconds,quartile_75_time_to_first_token_seconds,median_time_to_first_chunk_seconds,percentile_05_time_to_first_chunk_seconds,percentile_95_time_to_first_chunk_seconds,quartile_25_time_to_first_chunk_seconds,quartile_75_time_to_first_chunk_seconds,median_estimated_total_seconds_for_100_output_tokens,percentile_05_estimated_total_seconds_for_100_output_tokens,percentile_95_estimated_total_seconds_for_100_output_tokens,quartile_25_estimated_total_seconds_for_100_output_tokens,quartile_75_estimated_total_seconds_for_100_output_tokens,id_name
Llama 3.1 Instruct 70B,2152.59891815627,567.817611021532,2465.65306557942,635.225119961967,2278.87609868352,2152.59891815627,567.817611021532,2465.65306557942,635.225119961967,2278.87609868352,0.193111896514893,0.150092840194702,0.461767375469208,0.174128293991089,0.333511114120483,0.193111896514893,0.150092840194702,0.461767375469208,0.174128293991089,0.333511114120483,0.238496998156722,0.193965082629122,0.619623986279485,0.217275531566432,0.466715764270816,
Llama 3.1 Instruct 8B,2206.86376754021,1964.9504807394,2231.04460674654,2092.69029040243,2218.37114334811,2206.86376754021,1964.9504807394,2231.04460674654,2092.69029040243,2218.37114334811,0.382493495941162,0.297984409332275,0.694152724742888,0.336878538131714,0.45351231098175,0.382493495941162,0.297984409332275,0.694152724742888,0.336878538131714,0.45351231098175,0.427105529855639,0.344942938812879,0.739966973271232,0.382695365824231,0.498290197856748,
